id;user_name;address;check_time;is_check_in;phone_number
1;mobile Fish;Home Loan Account Table Computer;2019-11-27T06:52:16;false;seamless Metal deposit
2;Producer;Implementation Electronics Officer;2019-11-26T17:26:45;false;Albania web-readiness
3;Namibia;Steel zero administration;2019-11-26T23:28:21;false;Licensed Savings Account
4;Cambridgeshire Mississippi;HDD;2019-11-26T15:56:17;false;Small Frozen Sausages Planner
5;envisioneer Music Public-key;infomediaries;2019-11-27T05:20:11;true;backing up Salad
6;Digitized invoice;convergence;2019-11-27T03:16:29;true;Chair Facilitator
7;Views e-enable Communications;National Awesome sky blue;2019-11-27T07:10:47;true;navigating
8;interactive generating compelling;Home Loan Account;2019-11-27T01:38:28;false;back-end
9;Industrial;index orange;2019-11-27T08:07:57;false;magenta monitor 1080p
10;Unbranded Plastic Tuna Frozen;generating Highway Ergonomic;2019-11-26T23:21:56;false;moratorium pixel withdrawal
